diana,296,98.6429
charlie,287,55.7203
bob,579,87.7412
charlie,807,55.0242
bob,698,89.4503
diana,112,86.185
bob,170,93.4589
charlie,870,54.9555
bob,137,85.6348
bob,817,95.2817
alice,93,59.761
alice,233,56.1798
bob,270,99.2175
bob,848,88.4673
charlie,115,59.3594
alice,177,57.8995
bob,316,92.7997
diana,922,91.4634
bob,616,82.4889
diana,566,93.7692
alice,670,59.9409
diana,811,92.7996
bob,753,89.5851
charlie,568,53.9416
charlie,237,57.6923
alice,509,57.8329
diana,601,102.651
alice,52,62.1569
diana,221,85.9468
alice,832,62.8719
bob,326,95.6497
diana,593,101.351
bob,855,90.6265
charlie,885,61.6914
bob,664,89.2464
bob,474,95.7212
bob,713,89.0511
diana,340,98.9472
diana,365,100.35
bob,236,96.0268
diana,332,90.9091
diana,305,98.9404
alice,475,57.0604
bob,554,87.9546
charlie,408,55.4608
alice,651,61.1296
alice,17,69.9949
alice,907,56.2953
alice,416,63.1459
charlie,903,60.181
alice,237,55.9599
bob,527,87.6658
bob,687,90.1645
diana,536,93.6149
alice,873,60.631
charlie,779,60.8635
charlie,699,58.2843
alice,926,57.1512
charlie,350,61.4754
diana,254,98.1613
charlie,530,56.3155
diana,821,98.6842
bob,307,96.6234
charlie,480,57.4894
charlie,198,58.9342
bob,443,94.7404
alice,528,58.488
alice,22,61.0068
bob,148,82.645
diana,398,103.716
charlie,731,64.518
diana,83,83.184
charlie,921,65.4229
alice,639,58.1089
alice,205,59.6424
alice,338,57.7868
bob,66,90.2265
bob,98,93.9548
alice,436,74.8015
diana,814,94.8243
charlie,422,55.2984
bob,543,89.1146
diana,5,89.7992
diana,878,101.191
bob,715,89.7583
diana,297,98.3204
alice,105,55.9701
alice,751,59.8315
charlie,312,56.8083
bob,343,95.1926
bob,217,96.4963
alice,657,59.0208
charlie,169,57.4281
alice,786,59.0439
diana,911,84.5477
diana,472,100.277
diana,614,100.021
bob,730,90.0043
alice,0,60.4839
diana,465,100
alice,776,57.5816
diana,835,101.351
charlie,716,60.6393
charlie,638,73.3045
bob,146,82.645
diana,615,100
diana,352,101.633
diana,492,101.718
diana,248,96.5385
charlie,208,59.7029
diana,612,100.379
bob,278,92.4127
alice,650,61.3501
bob,406,95.0425
charlie,381,59.3637
diana,763,99.3377
charlie,751,58.5486
charlie,407,55.2565
charlie,657,57.208
alice,492,56.3978
diana,195,99.4639
diana,37,99.3377
alice,23,59.2666
bob,785,89.3926
bob,897,97.5254
alice,890,58.3157
bob,737,89.0342
alice,269,55.9978
charlie,780,62.9114
alice,638,59.1298
alice,502,56.4252
alice,280,59.1779
alice,595,54.1094
alice,664,57.7312
bob,788,91.8721
alice,488,58.7614
charlie,259,56.3239
alice,866,55.8496
bob,535,86.9268
diana,553,91.3256
bob,67,90.8066
charlie,850,57.406
bob,936,100.132
alice,389,59.7759
bob,858,88.9413
diana,606,102.74
diana,761,100.071
charlie,56,57.1993
alice,104,56.4766
diana,78,85.8787
alice,415,63.6846
diana,674,87.2093
bob,883,102.4
diana,948,91.0664
diana,870,103.044
alice,548,54.9319
bob,619,84.4982
alice,190,58.202
alice,362,61.1829
charlie,838,63.5143
charlie,650,59.3941
charlie,659,57.2137
alice,744,60.1676
bob,184,98.4364
charlie,628,71.5332
charlie,236,57.6923
charlie,205,61.692
diana,668,87.6069
charlie,806,55.1252
bob,604,84.4511
bob,159,92.7607
bob,594,88.1815
charlie,316,57.8032
charlie,197,59.3625
alice,132,60.8849
bob,577,87.6402
alice,358,59.3768
diana,751,102.329
bob,313,92.9124
alice,556,57.9746
bob,741,89.2931
diana,810,91.9142
bob,402,89.8247
bob,550,90.6616
bob,541,86.0937
bob,2,84.0619
bob,630,89.2835
charlie,884,67.4057
alice,332,57.3157
alice,804,60.64
diana,231,86.8877
diana,255,98.5475
charlie,630,77.4244
alice,701,58.0156
charlie,359,64.9645
charlie,27,57.2652
bob,182,100.435
bob,154,94.6154
diana,277,98.892
alice,289,55.634
alice,636,58.6358
charlie,257,55.8345
diana,653,90.7273
diana,325,94.2072
bob,111,95.0971
charlie,622,60.3409
alice,630,60.4879
bob,935,99.9618
diana,564,92.9538
bob,765,90.9091
diana,768,98.6729
bob,442,93.9811
charlie,788,59.4196
bob,895,98.0392
alice,735,59.63
alice,143,53.2363
charlie,358,63.6589
alice,541,57.4094
diana,644,91.5335
alice,347,57.211
bob,263,94.4763
alice,176,56.927
bob,672,95.8491
bob,555,88.2832
charlie,546,54.3684
alice,645,60.8404
bob,808,93.3055
diana,34,99.1469
bob,658,87.8571
charlie,922,65.5617
bob,919,91.2032
diana,9,91.141
alice,860,58.5999
alice,123,56.4511
diana,707,100.671
charlie,496,59.4819
bob,152,95.6378
diana,138,93.1451
bob,305,98.3766
alice,654,58.5671
bob,573,86.2341
bob,420,89.3208
charlie,865,55.3506
diana,41,98.9587
alice,443,69.6291
alice,29,56.8552
charlie,571,54.6454
diana,366,99.6098
diana,456,97.6674
charlie,914,64.1209
diana,876,102.294
alice,146,54.2143
charlie,670,55.4924
charlie,53,56.9932
charlie,228,63.6519
bob,815,96.8731
charlie,679,55.1922
bob,833,87.0894
bob,485,84.4015
bob,380,83.496
diana,446,94.3396
charlie,764,60.8885
bob,334,92.8411
diana,562,91.7751
alice,302,57.5525
diana,100,81.0811
bob,679,91.8158
bob,389,89.2899
alice,944,54.7445
bob,747,89.7773
bob,583,89.1041
charlie,194,57.6926
diana,928,91.0976
alice,836,57.5429
alice,863,58.3078
diana,252,97.0984
charlie,30,57.8072
charlie,242,61.4446
alice,683,57.2707
alice,13,64.6925
bob,279,94.2124
alice,310,59.1802
diana,104,84.1379
diana,778,90.9091
diana,348,102.788
bob,691,87.0456
alice,894,56.8187
bob,23,99.0789
bob,761,88.07
alice,15,71.9005
bob,639,89.6683
bob,43,96.5516
alice,87,58.7827
diana,385,103.75
alice,514,58.4822
charlie,429,53.9997
alice,402,63.4755
bob,365,90.7207
diana,210,88.5444
bob,461,90.3614
diana,301,98.7099
alice,424,59.9933
bob,611,85.5223
alice,136,56.6038
bob,603,84.601
alice,835,57.8369
diana,945,91.0664
charlie,235,57.535
diana,414,103.034
bob,599,87.6964
alice,127,58.4061
diana,36,99.3377
diana,803,89.6899
charlie,166,57.1486
diana,572,97.3077
charlie,777,56.6068
bob,173,95.6006
charlie,894,63.2342
charlie,20,61.1772
diana,427,102.74
charlie,17,58.4568
charlie,161,56.5501
bob,245,98.0265
bob,441,93.4775
charlie,929,61.2266
charlie,335,58.8606
charlie,430,54.0971
bob,178,98.7137
bob,667,91.6883
bob,70,93.243
bob,232,100.548
bob,115,96.6158
charlie,791,61.3558
diana,313,98.9404
alice,258,57.8286
alice,456,59.5685
alice,473,57.4182
diana,758,100.726
charlie,267,56.1866
alice,619,58.1461
alice,599,57.9151
diana,15,93.1426
alice,640,56.2424
bob,497,81.9672
charlie,572,53.7623
bob,55,95.9211
bob,714,89.491
bob,93,92.963
bob,671,94.0669
alice,313,58.0438
charlie,792,63.0369
bob,120,98.1767
alice,20,64.196
charlie,22,59.6395
alice,48,58.88
alice,793,57.5348
diana,470,100.523
bob,803,92.6192
charlie,444,56.6365
charlie,402,54.1516
diana,386,104.14
alice,665,57.2874
alice,184,59.7925
alice,102,58.7054
bob,295,97.2094
charlie,48,58.9334
bob,200,93.8005
alice,675,58.8647
charlie,606,60.3985
alice,236,55.044
bob,127,93.5741
bob,931,100.353
alice,171,55.0704
diana,119,87.5746
alice,193,57.5972
bob,4,87.2093
charlie,901,61.8823
charlie,87,58.3647
alice,739,61.2099
bob,472,95.7212
charlie,681,54.8862
bob,294,97.8419
charlie,564,53.5056
charlie,162,56.4438
bob,210,101.752
charlie,225,59.2669
diana,260,99.0789
bob,473,95.7212
diana,440,92.9815
alice,694,59.2943
charlie,49,59.9925
charlie,836,59.1499
alice,551,56.2828
alice,674,57.7376
diana,156,99.0789
diana,680,89.8204
bob,384,86.2487
bob,454,89.6715
charlie,834,57.2463
bob,840,89.0638
alice,845,57.1896
alice,533,59.7994
alice,521,56.9592
bob,438,88.9623
diana,432,98.3695
charlie,396,59.5564
charlie,114,59.5145
charlie,786,58.9076
charlie,851,57.0794
charlie,651,59.5238
diana,874,103.034
charlie,547,54.3478
diana,635,99.8268
charlie,416,53.3886
alice,662,56.2133
diana,98,81.0026
diana,212,85.9699
charlie,106,57.2348
bob,717,90.7208
diana,60,102.32
diana,375,101.351
bob,656,90.2003
bob,69,92.4238
diana,933,86.564
alice,224,58.5938
bob,46,97.6312
alice,554,56.6523
alice,407,61.0777
charlie,590,58.427
diana,444,94.0162
alice,730,60.942
charlie,445,56.8517
charlie,749,57.8658
bob,887,101.166
diana,239,88.8293
bob,607,83.5455
diana,474,100.26
alice,742,61.7925
alice,497,55.6421
charlie,256,55.7308
diana,12,90.1645
diana,913,85.1676
bob,773,88.4734
bob,413,93.2778
diana,919,89.5124
alice,12,60.7558
charlie,541,54.3003
alice,400,65.6233
bob,938,99.6253
charlie,347,68.1765
alice,147,53.5714
bob,221,98.2353
bob,856,90.3744
charlie,4,58.4359
charlie,570,54.9947
alice,138,59.7962
alice,464,56.2213
bob,455,88.4337
diana,0,91.4634
bob,289,98.7744
alice,536,58.4998
alice,273,59.8654
bob,545,91.6609
diana,309,99.011
bob,578,88.0294
alice,656,59.3145
alice,207,60.6485
charlie,868,55.2358
charlie,494,58.6504
bob,843,89.901
alice,606,55.9076
bob,590,84.0837
alice,797,62.0968
diana,354,101.544
bob,513,92.7059
diana,665,86.6545
diana,823,99.0476
charlie,534,56.3176
charlie,32,57.3042
diana,190,102.565
diana,288,99.2959
alice,515,59.5246
charlie,204,61.5655
diana,377,101.569
charlie,116,58.7758
alice,344,56.0227
alice,455,60.6619
alice,906,55.775
alice,658,56.9181
diana,871,102.621
alice,941,53.1853
diana,345,101.633
bob,339,95.1926
charlie,718,60.9964
diana,370,100.631
diana,280,99.098
charlie,250,56.6175
alice,71,61.8881
bob,626,84.462
alice,691,59.9914
alice,887,57.2475
diana,295,98.4023
alice,99,60.5134
charlie,778,57.735
alice,573,53.3808
diana,682,90.9858
bob,140,82.8729
charlie,810,55.1471
diana,206,91.2461
diana,915,86.1549
alice,154,54.7747
diana,574,98.4211
diana,478,101.074
alice,938,55.2505
diana,693,97.1964
alice,153,54.6095
diana,142,93.389
diana,396,103.051
bob,77,91.771
alice,584,55.9701
bob,831,89.4547
bob,625,84.2697
alice,586,53.5258
bob,666,91.4612
charlie,454,62.2732
bob,363,89.8204
charlie,130,57.4713
charlie,466,62.7778
diana,534,91.9752
alice,547,54.5455
bob,642,88.0348
charlie,249,56.5238
bob,633,89.5488
diana,808,91.1308
alice,889,57.8684
bob,837,89.3888
charlie,516,57.1767
charlie,476,58.9079
alice,789,60.4295
bob,272,99.0606
charlie,433,54.7413
bob,776,89.3994
diana,131,92.3535
bob,586,86.9502
charlie,586,60.6442
alice,898,55.8352
charlie,131,57.4713
alice,242,53.5106
diana,476,100.268
diana,310,99.0789
alice,470,54.8087
diana,108,85.4237
diana,56,102.041
bob,244,97.7082
alice,90,57.1968
bob,531,89.759
bob,870,93.1012
diana,825,99.3377
diana,401,104.167
charlie,363,63.9882
alice,517,57.8785
bob,446,99.7615
alice,429,61.5391
diana,483,100.968
diana,512,98.7097
bob,783,89.6048
alice,129,58.2112
alice,851,54.1951
charlie,372,60.2992
bob,500,85.252
bob,533,88.2456
charlie,770,65.2575
alice,100,60.7592
alice,442,69.6291
diana,321,97.1986
diana,920,90.2003
diana,317,98.5191
alice,699,58.9157
bob,528,88.9666
diana,344,101.754
bob,310,93.8442
diana,770,97.1457
alice,265,56.9927
diana,766,99.3377
diana,103,83.5102
bob,360,92.3664
alice,610,55.8924
diana,524,94.1279
bob,39,96.3423
alice,671,59.2266
charlie,207,59.7795
charlie,13,55.903
charlie,722,63.2665
diana,792,88.0892
diana,258,98.3359
alice,379,59.9466
alice,340,58.8011
diana,23,95.7123
alice,903,53.9568
diana,619,100
charlie,9,57.8148
diana,391,103.448
charlie,58,58.7626
diana,791,88.2708
alice,539,56.8421
charlie,593,58.427
bob,502,89.379
alice,520,56.5287
diana,848,103.934
diana,712,101.313
diana,585,100.4
diana,130,91.9982
diana,64,101.059
bob,162,91.0371
diana,487,100.854
charlie,469,68.9526
charlie,334,58.9764
alice,213,67.6856
bob,921,93.2808
bob,659,88.73
diana,127,90.1074
diana,330,88.9888
bob,74,91.2974
alice,170,55.4498
charlie,187,63.5321
diana,292,98.3643
bob,798,91.3509
alice,419,63.5289
charlie,673,54.7677
bob,183,99.6052
bob,464,91.4802
bob,31,95.2318
diana,573,97.9101
bob,813,96.3489
alice,461,59.0628
diana,942,90.1104
bob,605,84.8366
charlie,750,58.0894
diana,760,100.892
diana,431,98.6842
charlie,159,56.3121
diana,850,103.419
alice,579,55.3615
alice,284,53.613
bob,280,92.4513
charlie,585,61.8746
bob,582,88.4143
charlie,152,54.9548
charlie,121,56.3479
alice,822,70.9062
bob,6,86.8726
alice,421,60.0222
charlie,747,57.9481
bob,209,101.996
bob,33,95.0867
diana,716,102.947
bob,857,89.4911
diana,657,92.0245
bob,372,87.7857
alice,144,54.4014
bob,268,97.7791
charlie,492,58.7173
diana,40,99.0789
diana,586,100.303
diana,583,99.6
alice,577,55.6743
bob,246,98.2043
bob,238,96.7742
alice,67,59.5267
diana,308,98.6842
diana,742,101.726
bob,517,87.8714
bob,426,91.9195
bob,908,89.3208
bob,304,100.185
alice,847,57.1235
diana,699,100.609
alice,900,56.5323
diana,253,97.6572
alice,353,57.17
bob,3,85.6542
bob,134,87.052
alice,82,60.6693
charlie,529,55.5556
diana,559,92.4932
charlie,60,62.0315
bob,501,87.4286
diana,748,102.74
bob,130,90.1751
diana,754,102.595
bob,332,93.2315
charlie,704,58.223
charlie,734,65.1804
diana,320,98.73
diana,561,91.4634
diana,169,102.424
diana,917,87.7575
alice,158,54.5455
diana,498,102.041
alice,60,59.5427
alice,780,60.1459
diana,899,95.7692
charlie,120,56.5402
diana,395,103.151
charlie,99,56.5243
charlie,46,58.0485
bob,726,89.9193
diana,197,98.9927
bob,743,89.5541
diana,526,94.1038
alice,676,59.2885
charlie,294,59.761
charlie,199,58.4728
alice,47,58.7462
bob,302,101.351
charlie,286,56.0325
bob,395,94.4236
bob,614,85.1722
bob,802,92.7812
charlie,92,58.6679
bob,228,97.0965
alice,596,55.4613
charlie,486,56.4676
diana,226,85.5787
alice,249,56.6043
charlie,364,63.4657
diana,403,104.178
charlie,738,59.3969
diana,299,99.5059
alice,40,59.8142
alice,230,59.2576
diana,429,101.501
bob,288,99.4464
diana,347,102.555
charlie,506,55.5738
bob,444,95.96
diana,113,86.7052
bob,678,93.4107
alice,816,65.9885
diana,698,100.383
alice,18,67.3286
alice,161,56.7335
charlie,864,55.296
alice,825,74.1486
alice,937,55.7625
charlie,702,57.7692
alice,387,61.5266
bob,126,95.3629
diana,771,95.5944
diana,84,83.0755
alice,412,64.2611
alice,65,60.2508
diana,936,85.7273
diana,162,100.403
diana,858,103.799
charlie,67,56.8106
alice,549,55.3345
diana,369,99.6379
charlie,134,56.1798
bob,13,91.7605
diana,256,98.6378
alice,141,53.2026
diana,222,85.7898
alice,932,55.3144
bob,480,95.7212
bob,793,89.0554
charlie,944,62.5983
alice,725,60.953
bob,512,92.1468
bob,401,91.125
alice,493,57.5616
bob,723,91.5991
bob,546,92.2972
charlie,639,73.3045
charlie,849,57.0867
bob,187,96.6432
diana,815,96.1923
charlie,625,62.6121
charlie,766,60.8885
bob,322,95.8599
diana,454,96.1549
alice,629,61.1051
diana,482,100.541
diana,400,104.167
charlie,587,58.7068
alice,218,56.8621
charlie,209,59.941
diana,328,94.2072
alice,727,58.4037
alice,580,54.8734
alice,36,58.4807
charlie,567,53.4649
alice,888,57.466
alice,685,56.8647
bob,282,92.4513
diana,939,87.5511
charlie,814,56.9774
diana,10,91.9571
alice,368,57.5035
alice,537,57.5101
bob,898,95.3411
charlie,754,59.0915
charlie,105,58.0381
charlie,656,56.9945
bob,657,88.4385
diana,795,88.4804
charlie,923,64.1555
charlie,263,55.9701
alice,542,56.4369
diana,189,103.075
diana,696,98.543
alice,852,53.7634
bob,896,98.2972
charlie,360,66.383
charlie,232,60.6914
alice,320,62.0408
alice,494,59.0104
bob,882,101.918
charlie,328,56.6689
bob,194,91.2143
bob,358,92.0825
alice,837,57.6534
alice,451,57.2663
bob,775,88.8679
diana,246,95.9236
alice,695,60.0144
charlie,748,57.7245
alice,84,58.8983
diana,121,88.2353
charlie,146,60.4974
alice,829,65.2925
alice,806,59.297
diana,907,84.1969
charlie,515,56.8527
charlie,51,58.1461
bob,623,83.0251
diana,558,92.5267
bob,700,91.6387
charlie,661,55.4676
bob,532,88.8782
charlie,149,57.2365
alice,850,54.6857
bob,314,92.795
bob,418,91.5154
charlie,525,56.0259
bob,26,97.7311
alice,617,58.6306
alice,923,56.7285
alice,655,58.6169
alice,792,58.0649
diana,700,100.274
diana,27,96.8731
diana,501,101.928
charlie,354,63.7006
charlie,417,52.9153
bob,290,96.5739
bob,97,91.9312
bob,800,92.8157
bob,576,87.6115
bob,593,86.8666
bob,256,103.373
alice,627,62.9842
charlie,876,57.7316
charlie,869,55.1471
alice,342,58.1954
charlie,388,58.2587
charlie,260,56.9648
diana,326,94.2072
alice,904,54.6425
bob,529,89.4717
charlie,685,56.9705
bob,377,90.8726
charlie,648,58.503
alice,316,61.5266
bob,891,98.7169
charlie,825,53.9568
charlie,634,73.3045
charlie,0,59.2885
alice,394,59.7759
diana,865,104.842
alice,901,56.3285
diana,886,98.3798
bob,460,90.3614
diana,13,89.8047
diana,406,104.207
alice,290,55.7373
diana,107,85.0443
bob,539,84.8591
bob,934,99.058
charlie,239,57.6923
charlie,485,56.8668
charlie,421,54.6336
alice,156,53.5753
diana,225,85.0944
charlie,813,56.7622
diana,4,91.1772
bob,677,95.4989
alice,83,59.8359
charlie,847,56.6424
diana,45,99.7811
charlie,597,55.5556
bob,220,97.4089
charlie,830,55.7661
bob,250,102.237
bob,335,95.1926
alice,386,62.7496
charlie,906,59.8805
charlie,662,55.1624
charlie,918,63.2911
alice,718,59.6928
bob,814,97.4026
bob,689,89.0598
bob,281,92.4513
diana,192,100.96
alice,935,54.3384
diana,860,104.583
bob,108,95.1592
diana,397,103.077
alice,404,61.286
charlie,324,56.0607
diana,895,94.481
bob,681,91.0055
charlie,909,65.7906
alice,803,61.89
alice,447,69.6291
charlie,337,63.1523
alice,72,61.2607
charlie,760,60.6142
bob,922,95.3589
diana,569,94.9367
bob,879,100.632
alice,204,60.24
alice,812,60.8584
charlie,538,56.1422
alice,341,59.6668
bob,63,89.3196
bob,906,90.2113
bob,249,100.063
diana,557,92.2427
alice,78,60.3748
alice,69,63.4416
bob,299,100.95
alice,771,58.5345
diana,679,89.2146
diana,733,104.001
alice,333,57.797
charlie,949,56.5546
diana,851,103.688
diana,889,97.093
alice,714,59.1339
alice,626,62.169
alice,529,58.2079
charlie,62,58.761
charlie,278,57.6324
charlie,218,57.1496
alice,7,59.1295
diana,634,96.4238
bob,506,87.3399
bob,789,92.5926
bob,132,91.2883
diana,213,85.6912
diana,891,96.1479
diana,468,100
charlie,579,57.5862
alice,840,60.6586
charlie,195,59.6027
bob,947,100.314
diana,545,91.8505
charlie,497,58.7843
diana,640,100.874
diana,798,86.8919
bob,663,89.6217
diana,546,92.1171
diana,782,90.9653
charlie,392,62.3261
diana,776,92.8148
alice,186,59.8108
diana,438,90.7785
diana,439,92.6852
alice,555,57.9641
charlie,124,56.4494
alice,181,58.6618
alice,279,59.3169
bob,222,98.3075
charlie,234,57.0979
charlie,95,58.1908
bob,884,102.282
diana,673,85.7983
bob,88,96.6879
alice,183,58.5938
charlie,942,64.1894
alice,743,61.4075
bob,412,94.8365
bob,759,89.8075
bob,799,92.5522
diana,481,100.862
charlie,886,60
bob,518,86.2799
bob,943,100.491
bob,622,83.0309
alice,615,56.4026
charlie,797,56.7708
alice,326,58.5611
bob,549,90.7051
bob,850,89.7783
alice,142,52.9207
bob,877,101.296
bob,786,90.3217
bob,101,94.5358
diana,837,102.312
alice,576,54.0745
diana,515,95.6458
charlie,61,60.3091
charlie,182,57.6343
charlie,816,56.5093
alice,133,59.4668
bob,824,90.8772
charlie,609,60.4169
alice,490,56.6038
charlie,636,73.3045
diana,719,102.68
charlie,902,61.0039
bob,411,95.4434
diana,215,84.2697
alice,216,61.2452
diana,272,97.4782
bob,468,92.5926
charlie,311,57.464
diana,149,98.1321
diana,249,96.3871
bob,826,92.1951
charlie,41,57.5434
charlie,180,57.3151
bob,804,93.5335
alice,897,54.8137
charlie,607,61.8746
diana,35,99.3377
diana,464,100
diana,452,94.9367
bob,581,86.7976
diana,565,93.1677
charlie,723,62.2018
bob,408,93.75
diana,883,101.232
diana,174,103.151
charlie,724,60.9311
diana,485,100.632
diana,341,100.067
bob,894,98.7765
alice,843,58.4628
bob,129,90.4094
alice,562,56.1798
bob,652,90.7208
bob,375,88.7574
charlie,565,53.2216
bob,890,99.706
diana,683,91.7399
bob,16,95.8003
diana,399,104.092
charlie,247,56.6596
charlie,86,57.2633
bob,147,82.645
charlie,629,75.4708
alice,936,54.9513
diana,902,90.57
bob,49,93.0552
bob,861,90.0266
diana,838,102.894
bob,78,93.2285
diana,165,101.507
alice,504,54.4126
bob,27,97.6471
charlie,135,56.1798
alice,853,54.9301
bob,734,87.1659
alice,746,57.8559
charlie,563,53.4215
diana,729,103.759
charlie,842,61.4198
alice,814,65.9269
bob,739,89.1906
bob,695,89.2941
alice,813,67.076
alice,945,55.977
alice,245,56.4785
diana,732,103.572
alice,75,64.1869
alice,632,62.4795
bob,212,100.026
diana,938,88.2382
alice,260,55.9713
bob,452,92.6655
charlie,782,60.3846
bob,680,91.4155
charlie,108,56.1798
diana,82,83.5912
diana,567,94.6537
alice,301,58.2234
bob,73,91.7778
charlie,245,58.1051
charlie,192,59.9915
diana,767,99.3222
charlie,917,63.4016
diana,460,99.4579
diana,408,104.167
alice,559,54.6333
bob,145,82.645
bob,918,88.7399
bob,225,97.3384
diana,166,101.757
charlie,618,58.1984
alice,444,69.6291
alice,453,59.4479
alice,766,59.6794
diana,445,94.3396
alice,393,59.7759
diana,236,86.9463
bob,909,87.7193
bob,428,87.6693
diana,692,96.5279
charlie,177,57.4449
bob,628,86.1177
bob,180,100.365
alice,820,64.6271
diana,74,93.4809
diana,293,98.1767
diana,599,101.677
alice,625,59.6862
charlie,117,58.0947
diana,291,98.0418
bob,117,96.8531
diana,115,87.0903
charlie,83,56.1798
diana,817,96.5335
bob,504,89.4782
diana,598,101.757
bob,422,89.1291
diana,869,103.167
diana,389,104.102
alice,628,61.9422
alice,660,54.8357
charlie,897,65.1623
diana,343,101.361
diana,818,97.3966
charlie,483,57.2241
bob,261,97.0303
bob,397,94.5112
diana,81,83.5102
charlie,600,59.8848
charlie,624,60.3783
charlie,339,63.1523
charlie,172,56.8008
charlie,377,60.9914
bob,499,84.281
diana,54,102.041
charlie,594,58.427
diana,632,102.905
bob,87,96.2412
diana,579,98.7182
diana,234,86.9463
diana,47,102.041
bob,361,90.1977
alice,376,57.5675
alice,623,60.2078
alice,785,60.8384
charlie,553,57.8623
charlie,352,63.2514
charlie,112,57.9044
bob,564,88.0702
charlie,820,55.8941
charlie,5,58.7312
bob,188,96.412
charlie,434,54.6418
alice,46,59.9371
alice,385,61.6014
diana,728,104.189
charlie,773,54.897
bob,927,102.893
charlie,823,55.5108
charlie,386,56.9685
diana,804,89.8204
alice,503,55.508
alice,677,59.2885
diana,153,98.6842
diana,1,91.4634
charlie,93,59.5981
alice,243,55.324
diana,517,95.0514
bob,337,95.1926
alice,578,56.0844
bob,24,98.8157
diana,812,93.1677
charlie,282,61.2161
alice,476,56.6214
alice,238,55.732
alice,366,58.7104
diana,624,100.671
bob,348,102.698
alice,871,61.4574
charlie,833,56.8335
bob,434,92.2043
charlie,201,58.5609
diana,420,101.918
charlie,726,61.9455
alice,117,55.8389
alice,220,54.7802
charlie,465,59.3896
diana,800,85.5331
diana,649,88.7574
diana,312,99.0789
bob,181,100.671
diana,148,97.9552
bob,819,95.5414
diana,857,104.073
charlie,314,57.8078
bob,393,91.6818
alice,760,60.4325
charlie,873,55.64
charlie,924,61.1666
bob,643,88.4809
alice,510,57.4891
alice,608,53.619
diana,656,91.9392
diana,42,99.3053
diana,346,102.084
diana,934,88.1034
alice,295,59.4835
bob,286,97.4854
diana,146,96.7582
charlie,487,55.9395
diana,892,95.7741
diana,50,101.278
alice,403,61.79
diana,595,101.961
diana,781,91.2461
charlie,890,62.5553
diana,486,100.29
alice,226,58.1784
bob,469,92.8318
diana,628,100.815
charlie,436,54.3006
alice,38,59.4716
alice,89,57.4153
bob,526,86.5061
charlie,441,55.4395
bob,92,92.7997
bob,277,90.8463
diana,789,88.5527
alice,939,54.0512
alice,208,60.6485
charlie,291,57.9081
alice,287,56.354
alice,856,56.2051
diana,201,96.4537
charlie,633,73.3045
alice,92,58.6048
alice,314,58.8481
charlie,857,56.8628
diana,170,103.068
alice,437,74.5426
charlie,45,58.1066
charlie,24,57.315
alice,318,61.9088
charlie,514,56.7541
alice,681,56.6148
diana,214,84.9689
charlie,111,56.9245
diana,655,91.6587
bob,511,89.9372
bob,838,89.6429
charlie,879,57.7316
charlie,320,57.6851
charlie,43,58.8144
diana,822,98.7208
charlie,860,56.2034
alice,738,61.8452
diana,879,101.044
bob,495,82.847
bob,911,87.7193
alice,81,61.4131
alice,164,57.1923
charlie,574,54.1495
charlie,307,57.061
diana,654,91.1885
bob,96,91.2417
alice,495,57.9877
diana,730,103.862
alice,24,57.7952
diana,415,102.989
alice,199,58.5678
diana,164,100.949
bob,731,87.7045
bob,265,95.7819
diana,176,103.134
charlie,535,55.8968
alice,74,63.0375
charlie,756,60.2381
diana,549,93.2075
alice,614,54.9193
bob,359,93.2812
bob,327,95.5209
charlie,684,56.0974
diana,459,98.8
bob,203,97.6244
alice,285,55.3444
alice,319,61.4031
alice,77,61.3585
charlie,521,57.736
bob,233,99.8818
bob,596,88.2604
charlie,344,63.1523
bob,871,95.2137
alice,448,57.9088
bob,317,93.4731
charlie,72,55.8761
alice,457,58.6343
charlie,940,61.1532
charlie,473,64.3043
bob,537,84.9399
alice,166,59.5208
alice,790,60.308
diana,393,102.876
alice,44,59.0713
charlie,793,62.1291
bob,752,90.3614
alice,202,58.4185
diana,947,91.0664
charlie,19,59.4547
alice,229,59.4919
diana,495,101.767
alice,167,59.4585
bob,694,88.9581
diana,117,87.2093
diana,90,82.2086
bob,459,90.9202
alice,870,59.2027
bob,14,93.1081
bob,42,96.7028
alice,42,58.3032
charlie,561,53.1551
bob,902,95.2611
alice,188,57.6039
charlie,550,54.7587
charlie,348,64.3208
bob,740,88.9307
diana,200,97.5524
alice,308,56.6011
charlie,690,64.8084
alice,247,56.1798
charlie,446,57.0188
charlie,160,56.5241
charlie,752,59.1231
alice,356,59.4918
diana,726,103.949
charlie,882,57.7316
alice,914,54.5062
alice,94,59.761
alice,384,60.8607
alice,868,56.2727
alice,659,55.4396
diana,533,93.1045
charlie,427,53.8276
diana,762,99.3377
bob,829,88.7574
bob,835,87.9529
diana,405,104.572
charlie,892,61.5875
diana,418,102.429
alice,919,54.856
diana,116,87.2093
charlie,934,60.2679
charlie,819,56.1029
diana,29,97.054
diana,475,100.4
charlie,401,54.7637
diana,753,102.74
alice,373,56.8119
alice,538,56.6358
charlie,248,56.4174
alice,875,60.631
bob,29,97.2974
diana,670,84.213
bob,769,91.4044
alice,209,60.6485
alice,622,60.6631
alice,506,54.2527
diana,147,97.6169
bob,240,95.7183
bob,331,93.75
diana,630,100.671
charlie,163,56.431
diana,813,93.4565
bob,827,91.8212
bob,538,84.4506
bob,40,97.1563
diana,381,99.6296
alice,720,58.3942
bob,547,91.818
alice,4,60.0762
charlie,652,59.5238
charlie,79,55.5556
charlie,156,56.5286
alice,381,62.7598
alice,849,55.6071
charlie,910,66.8142
alice,713,59.3682
alice,855,56.3107
bob,84,94.5825
diana,588,100.636
charlie,399,56.0051
diana,904,86.7899
alice,134,58.1395
charlie,290,56.2489
charlie,31,57.6959
charlie,119,56.8618
bob,423,90.2812
alice,383,61.3605
charlie,251,56.7247
bob,264,94.4791
bob,208,101.201
charlie,351,61.9378
charlie,322,56.6499
bob,524,88.3874
charlie,409,55.7126
alice,73,61.0743
diana,926,91.6677
alice,449,57.3433
charlie,128,57.3677
bob,338,95.1926
charlie,471,65.5764
alice,329,58.8467
charlie,52,57.3197
charlie,524,56.6314
charlie,682,55.0875
diana,849,104.132
bob,103,93.2287
charlie,270,57.5112
bob,216,97.2177
diana,563,92.4133
charlie,584,60.3985
alice,569,53.6157
alice,895,55.8548
diana,251,96.7842
charlie,277,57.1007
charlie,896,65.9022
charlie,1,59.2885
alice,103,57.0087
diana,244,94.2014
alice,927,56.8182
diana,847,103.575
bob,912,87.7193
charlie,696,59.9734
alice,826,71.386
alice,276,58.0304
alice,883,56.5167
charlie,191,63.7766
charlie,326,56.1789
charlie,559,54.1707
bob,707,89.7168
bob,791,90.3836
charlie,158,56.2307
diana,690,96.7742
diana,151,98.6842
alice,58,61.0235
diana,532,92.9574
bob,503,89.6429
alice,561,55.1839
charlie,741,55.3165
charlie,666,55.4588
alice,565,53.4151
alice,348,56.8123
bob,522,88.0487
diana,826,99.4993
diana,298,98.6262
diana,548,93.6338
charlie,911,66.4703
diana,16,93.4519
bob,196,92.2747
diana,19,92.0669
charlie,758,63.2811
diana,591,101.12
bob,118,96.3947
alice,755,60.4839
charlie,730,63.8649
diana,718,102.207
bob,478,95.7212
charlie,353,63.9722
diana,118,87.3113
alice,709,57.8305
bob,462,90.4556
bob,318,94.3396
bob,660,89.5787
charlie,533,56.6686
alice,317,62.8091
alice,759,59.2416
bob,201,95.0726
bob,424,92.0564
bob,572,87.5376
charlie,81,55.573
bob,207,100.568
bob,534,87.8337
charlie,28,57.5967
charlie,154,55.3506
diana,193,101.3
charlie,317,57.7871
diana,2,91.1834
alice,361,61.0785
diana,479,101.009
charlie,926,56.726
alice,304,59.2525
alice,19,65.0251
diana,704,101.465
alice,417,64.2304
charlie,746,58.0696
bob,830,88.9232
diana,896,94.0805
bob,435,91.1155
alice,5,59.2526
diana,73,95.2657
charlie,478,57.3072
alice,228,58.8417
bob,20,98.3437
charlie,170,56.8879
diana,267,101.362
bob,721,91.2628
bob,320,95.283
alice,423,59.4447
alice,544,54.719
bob,702,90.7537
diana,924,91.625
charlie,941,62.9329
alice,666,57.4334
diana,223,85.0731
alice,693,59.5172
charlie,414,53.8578
alice,395,68.1561
charlie,458,64.9351
bob,491,82.6967
diana,842,103.145
diana,471,100.612
diana,737,103.932
bob,345,95.1926
alice,908,56.6871
bob,751,90.1592
bob,494,83.1381
bob,174,96.8981
bob,113,95.5887
charlie,226,59.7371
alice,525,55.5941
diana,502,101.931
alice,616,58.2549
bob,854,89.2519
bob,59,91.972
bob,416,90.471
alice,507,54.9396
diana,278,99.1404
charlie,697,59.2196
charlie,848,56.5465
alice,947,56.523
alice,321,62.7885
diana,551,94.7098
charlie,647,59.3202
charlie,575,54.5574
alice,406,61.3295
diana,150,98.4546
charlie,276,57.3192
alice,819,62.5026
bob,508,86.4999
diana,554,92.6738
charlie,605,58.9878
alice,575,53.2097
bob,536,85.7276
bob,632,89.6472
alice,312,58.9955
bob,28,97.7922
alice,802,61.6892
bob,269,99.0609
charlie,677,55.1727
bob,139,83.8064
bob,932,100.163
charlie,520,56.8615
alice,427,60.2681
alice,118,56.3327
charlie,744,56.391
bob,25,98.2998
charlie,423,54.797
alice,114,58.2397
bob,565,87.934
charlie,319,58.0192
diana,314,99.0606
diana,607,102.146
charlie,775,55.3434
diana,666,86.462
alice,435,74.219
alice,921,55.244
charlie,503,58.2323
diana,28,97.1613
alice,667,57.6536
diana,187,103.362
diana,26,96.3945
charlie,59,60.8298
diana,455,97.1085
bob,719,92.4706
charlie,853,57.1735
diana,17,92.3365
alice,1,60.4839
alice,902,55.005
diana,647,89.8032
bob,475,95.7212
bob,519,86.402
alice,858,56.0096
alice,885,57.5427
bob,812,94.3359
bob,722,91.0799
alice,157,54.0623
bob,296,96.7742
bob,801,92.8594
charlie,557,54.9451
charlie,39,58.3177
bob,142,82.645
alice,563,55.0103
bob,942,100.644
alice,912,55.2947
charlie,755,59.5237
alice,892,58.5746
bob,627,85.0841
diana,339,98.0255
charlie,129,57.4713
alice,150,53.0074
charlie,357,63.1247
bob,5,87.1246
diana,372,100.268
bob,242,94.7937
charlie,186,60.6853
charlie,614,60.6508
alice,307,56.2819
alice,588,53.0714
diana,927,91.1973
bob,71,92.8472
alice,512,56.8604
charlie,549,54.4601
charlie,517,56.3425
charlie,644,59.5255
charlie,840,62.9473
bob,234,96.8987
alice,210,60.6485
charlie,735,62.5051
charlie,578,56.1123
diana,129,90.463
diana,355,101.376
bob,169,92.963
charlie,126,56.9771
alice,445,69.6291
charlie,296,59.8387
charlie,815,56.831
alice,715,59.5066
alice,113,59.3021
diana,752,102.639
diana,88,82.6266
charlie,288,55.6202
diana,663,89.3257
diana,659,92.2472
alice,620,59.6524
charlie,583,59.1347
diana,844,103.744
alice,728,58.0644
charlie,222,59.1991
charlie,104,58.9397
alice,345,55.1872
bob,135,86.6226
charlie,643,58.0541
charlie,346,73.0549
diana,436,94.9367
alice,115,56.5677
charlie,626,65.2474
charlie,136,56.5724
charlie,558,54.5674
alice,85,58.4954
charlie,461,61.0051
diana,384,103.917
diana,409,103.967
bob,336,95.1926
diana,209,88.2833
diana,621,100.177
bob,342,95.1926
alice,261,54.7967
diana,167,101.633
diana,741,102.145
diana,447,94.3396
diana,516,95.6348
bob,665,89.9466
alice,810,60.8584
alice,794,58.3206
bob,479,95.7212
charlie,223,59.552
charlie,551,55.2088
diana,95,80.2415
charlie,822,55.6365
alice,88,57.9908
charlie,907,61.2362
bob,600,86.0997
diana,274,98.0392
bob,448,101.123
charlie,82,55.8851
diana,723,102.822
diana,243,93.75
bob,255,103.304
bob,293,97.9628
diana,930,91.4214
bob,153,95.3338
charlie,843,60.7975
charlie,499,59.3033
bob,496,82.1639
diana,797,87.4725
charlie,304,56.8182
alice,522,56.9711
alice,600,58.2297
diana,542,91.8451
bob,8,87.5899
alice,690,60.2314
charlie,536,55.9281
alice,471,54.1516
bob,163,90.0865
bob,490,80.9197
charlie,122,56.2423
alice,589,53.2563
alice,931,56.9619
alice,501,57.5017
bob,104,92.2065
charlie,462,58.6397
charlie,841,62.166
diana,777,91.8396
alice,418,65.509
alice,876,60.631
charlie,665,55.5556
diana,232,88.2353
alice,120,57.7319
alice,266,56.6617
alice,801,60.3197
diana,105,85.3978
alice,558,55.64
alice,292,58.9772
charlie,632,73.3045
bob,948,100.903
diana,650,89.2846
alice,669,60.1266
bob,99,95.3044
alice,250,57.1404
charlie,330,57.6268
charlie,620,61.0622
charlie,569,54.3996
diana,264,99.1373
bob,608,83.3333
bob,492,83.5211
diana,801,87.2429
alice,749,60.6553
bob,523,89.2307
charlie,231,63.6515
diana,530,92.6327
diana,68,98.0392
diana,227,85.7143
alice,145,55.0021
diana,935,86.8496
charlie,556,57.4436
diana,774,92.9492
charlie,580,57.7868
alice,281,57.163
diana,755,101.901
bob,72,92.5926
diana,603,102.329
charlie,484,57.0836
bob,899,93.3965
alice,298,60.8814
alice,661,54.3478
bob,868,91.8658
diana,845,103.862
bob,357,92.4174
bob,913,87.7193
alice,428,60.7832
diana,711,101.351
alice,430,62.6242
diana,717,102.856
alice,943,53.9576
bob,613,86.5116
bob,433,93.1759
diana,846,103.566
diana,163,100.671
bob,520,86.4541
diana,307,98.8698
diana,448,94.4471
diana,161,100.067
alice,682,56.62
alice,777,57.6063
charlie,281,61.3392
alice,784,62.3932
diana,224,84.7458
charlie,543,54.1513
charlie,355,63.3232
alice,761,60.834
diana,182,104.167
bob,155,94.717
diana,688,95.4782
diana,458,98.5578
alice,513,57.6224
diana,715,102.657
bob,585,87.3907
alice,377,57.8215
diana,622,100.513
bob,792,89.4953
charlie,379,60.706
diana,334,92.3431
bob,790,91.8275
alice,929,56.8772
bob,886,100.826
bob,298,100.156
charlie,608,61.4168
alice,206,60.6485
alice,750,60.5328
alice,767,60.1982
alice,466,57.7857
alice,788,59.8181
bob,933,99.3671
diana,204,92.0937
charlie,164,56.5374
charlie,488,56.7858
charlie,332,58.758
charlie,495,59.348
charlie,40,57.8776
bob,41,97.4026
diana,854,103.904
alice,878,60.631
bob,34,95.389
bob,560,86.615
alice,516,59.2525
diana,122,88.8264
charlie,292,59.3226
alice,917,55.3242
charlie,658,57.537
bob,724,91.1545
diana,38,99.1469
charlie,703,57.8863
diana,259,98.8885
bob,836,88.9856
bob,436,89.5742
charlie,641,56.0491
charlie,781,61.7536
charlie,384,57.493
alice,468,56.7022
charlie,518,54.9893
alice,612,52.0833
alice,432,68.0929
bob,946,100
diana,275,97.1267
alice,270,56.7467
charlie,90,57.2357
charlie,68,57.6716
bob,258,98.563
bob,900,92.887
alice,365,58.5636
alice,355,59.031
diana,888,97.7255
charlie,729,64.1388
diana,242,92.6799
bob,102,93.8093
bob,198,92.795
charlie,203,60.9913
diana,114,86.8383
bob,609,83.9661
diana,266,100.944
alice,257,56.8412
diana,611,100.964
bob,699,90.6981
alice,440,69.6291
charlie,705,59.0443
alice,469,55.6139
alice,643,56.9855
bob,179,99.5611
charlie,761,58.4494
alice,311,60.4024
bob,453,90.5932
bob,19,98.904
alice,692,59.7534
charlie,411,56.0891
alice,53,60.6192
charlie,29,57.9151
alice,452,58.1473
charlie,599,58.8731
alice,62,60.1878
bob,869,92.2385
charlie,336,60.5128
diana,319,98.0808
bob,930,100.888
bob,45,98.9879
bob,483,82.7255
alice,684,57.5153
diana,180,103.618
diana,510,99.2
alice,26,57.7653
alice,357,59.3742
diana,467,100
diana,626,100.93
alice,282,55.6535
bob,849,89.5178
alice,642,56.015
diana,250,96.6228
charlie,552,56.5824
alice,865,56.2673
charlie,856,57.2519
bob,650,90.4071
alice,485,55.2013
diana,72,95.2898
diana,245,95.1731
charlie,943,65.0184
bob,706,90.0671
diana,735,104.895
charlie,285,56.8352
bob,636,89.9871
diana,7,92.0227
alice,253,58.7514
diana,531,92.4224
diana,287,98.9692
diana,576,98.5326
alice,223,58.5938
diana,864,104.718
alice,173,58.0007
diana,504,101.743
alice,197,59.9339
charlie,448,56.391
alice,246,56.1798
charlie,821,55.7398
charlie,900,62.4136
diana,543,91.184
diana,449,94.7456
diana,727,104.575
bob,778,89.0426
charlie,519,55.2881
alice,68,61.4931
bob,325,96.5684
charlie,783,58.743
alice,160,56.7953
charlie,378,61.2017
charlie,616,58.6192
charlie,368,62.8347
alice,896,54.7268
diana,578,98.8358
alice,762,60.5881
diana,830,101.351
charlie,8,58.4728
diana,491,101.735
alice,299,60.6109
charlie,878,57.7316
alice,839,60.6583
diana,880,101.041
alice,830,64.573
diana,311,98.9404
bob,38,95.3557
bob,787,90.8835
alice,716,60.221
bob,241,94.9637
alice,322,63.5897
diana,749,102.74
bob,259,98.2895
alice,523,55.7174
diana,240,90.5285
diana,356,101.721
bob,828,90.0888
charlie,721,63.8052
alice,518,57.0591
diana,590,100.78
diana,701,100.33
charlie,854,57.4713
alice,169,56.5946
alice,431,65.2877
diana,443,93.3543
diana,87,82.6416
charlie,6,59.1926
bob,559,87.8902
diana,97,80.7847
charlie,323,56.1655
bob,202,96.5076
alice,16,72.0397
charlie,795,58.5265
charlie,824,54.7114
bob,720,92.3784
alice,374,57.8966
diana,371,100.478
diana,137,93.7255
charlie,581,57.8981
bob,704,89.7092
alice,222,57.1501
alice,217,58.8926
bob,247,98.6236
bob,347,102.933
bob,675,97.6901
bob,923,97.5611
charlie,898,63.792
diana,154,98.6842
alice,791,59.5595
charlie,539,55.5202
diana,368,98.9535
diana,507,101.555
alice,696,60.7209
alice,925,57.8118
bob,920,92.125
charlie,544,54.5423
alice,869,56.8741
diana,424,102.74
alice,33,61.4044
diana,827,99.9271
alice,203,59.703
alice,479,56.1412
diana,268,99.8657
alice,41,58.8616
charlie,804,60.0333
alice,532,58.6968
charlie,333,58.9887
bob,141,82.6266
alice,827,68.7906
bob,328,95.9115
charlie,562,53.1376
bob,64,88.1511
bob,385,85.8621
bob,300,100.946
bob,76,91.2952
alice,726,59.2581
bob,430,90.641
bob,727,88.8435
diana,867,104.583
charlie,545,54.4672
charlie,615,59.919
bob,816,95.8836
alice,899,56.4259
charlie,202,59.5505
diana,271,98.4525
alice,798,61.0887
bob,392,91.0023
bob,122,96.044
alice,535,60.1677
alice,215,64.1643
charlie,688,60.6202
diana,70,96.9769
diana,862,104.032
alice,331,57.0972
bob,333,92.4824
diana,943,90.3614
diana,949,94.1248
diana,76,90.3614
alice,472,55.7583
diana,538,93.8568
diana,772,94.8943
alice,634,60.653
bob,321,95.9113
bob,306,97.4133
bob,498,82.8698
charlie,418,52.9635
diana,556,92.555
charlie,365,64.1478
diana,587,100.301
alice,753,58.9588
alice,151,53.5733
charlie,3,58.8973
diana,437,92.2468
alice,434,71.9423
alice,641,55.7029
bob,944,100.156
alice,831,64.4343
bob,863,88.2716
alice,848,56.8608
charlie,691,63.0933
alice,235,54.3771
bob,949,100.886
diana,101,81.3063
alice,879,60.631
alice,564,53.8021
alice,43,57.7376
charlie,84,56.2769
alice,818,63.991
charlie,839,63.3802
charlie,400,55.4657
bob,166,90.5564
charlie,80,55.5556
charlie,460,63.8283
bob,686,88.8736
charlie,450,56.391
alice,239,55.0144
alice,54,59.9292
charlie,295,59.761
bob,729,90.4027
charlie,21,61.8198
alice,327,58.3785
alice,200,57.9151
bob,12,90.4375
bob,449,99.9982
alice,291,56.9777
alice,734,58.8235
diana,736,104.566
bob,612,86.5216
alice,833,60.8036
diana,71,95.6878
bob,451,95.4913
alice,59,60.0317
bob,17,97.5119
alice,159,55.5509
diana,901,93.4662
charlie,946,58.0123
charlie,57,57.8651
bob,818,95.3406
charlie,740,57.1843
alice,441,69.6291
charlie,380,60.0781
bob,629,87.7395
bob,283,92.4513
diana,378,101.569
bob,399,93.4402
diana,52,101.839
bob,199,93.0328
bob,330,94.2373
bob,552,89.9465
charlie,803,62.2461
bob,770,91.7982
diana,785,90.7032
bob,514,91.0494
diana,834,101.128
alice,834,59.2217
bob,355,96.5556
alice,439,72.3716
diana,120,87.9856
alice,375,57.9016
bob,644,88.4358
alice,459,58.2703
diana,453,95.216
charlie,493,58.4884
charlie,621,61.1867
alice,392,59.7759
alice,704,59.694
bob,928,103.057
bob,346,104.299
charlie,200,58.4469
diana,843,103.448
bob,914,87.7193
alice,185,61.2334
bob,90,94.7819
diana,140,91.3269
bob,387,87.5862
charlie,455,65.1688
bob,149,82.645
diana,541,92.5223
charlie,258,55.9385
diana,318,98.1966
diana,816,96.3871
alice,570,54.703
bob,410,94.5385
bob,114,96.4715
alice,763,59.9244
diana,282,100.4
bob,725,90.9091
charlie,356,62.9243
alice,110,58.2339
diana,514,97.1394
diana,941,89.8398
bob,94,92.6996
charlie,102,57.598
charlie,113,58.7038
charlie,872,55.1312
bob,368,85.2571
diana,509,100.454
charlie,284,58.5072
diana,177,103.448
charlie,915,63.8136
diana,134,91.8115
bob,350,98.3221
alice,79,60.123
bob,119,97.4291
charlie,707,60.5749
charlie,390,62.1979
charlie,858,56.4323
diana,575,98.372
diana,155,98.7522
diana,58,102.578
diana,426,102.74
charlie,710,57.6118
diana,102,82.4324
diana,820,98.6068
bob,121,97.0148
charlie,908,63.7245
charlie,33,56.8671
alice,465,56.4739
alice,635,59.5734
diana,780,90.969
alice,882,54.6208
diana,363,101
alice,152,54.0187
alice,920,54.7558
diana,589,100.671
bob,670,92.6695
bob,7,86.7052
charlie,737,60.0706
charlie,406,55.0604
bob,653,91.4634
diana,745,102.551
bob,735,88.4411
charlie,374,58.8356
alice,491,56.5042
diana,525,94.8972
diana,686,94.557
bob,421,88.1802
bob,567,86.8784
alice,76,62.7235
diana,535,92.1715
alice,484,54.9986
charlie,612,58.8675
bob,692,86.386
diana,775,92.795
alice,591,54.2507
diana,8,91.9105
charlie,16,57.6943
diana,435,94.7815
alice,857,56.1144
alice,757,59.9244
alice,846,56.9067
alice,604,59.769
alice,592,53.6725
charlie,790,59.0071
diana,802,89.1654
bob,123,95.9581
charlie,937,60.6517
diana,642,93.8649
charlie,592,58.427
diana,94,80.2139
alice,408,60.2204
charlie,474,63.3487
bob,859,89.2634
alice,893,57.8137
diana,903,89.5977
bob,186,97.4026
charlie,212,59.4122
bob,388,89.394
alice,178,59.0864
charlie,298,60.8976
charlie,904,59.4666
diana,537,93.5849
charlie,371,60.9183
alice,842,58.6917
charlie,771,60.3814
charlie,667,55.3563
bob,885,100.893
diana,609,102.101
alice,297,59.5554
diana,387,104.671
charlie,255,55.525
charlie,491,59.056
alice,686,56.4217
charlie,308,57.6052
bob,779,88.5714
alice,61,59.0702
diana,442,92.8042
alice,646,60.4731
alice,30,57.5159
diana,124,92.0245
charlie,425,54.086
charlie,818,56.2322
alice,775,58.1385
charlie,233,57.5879
alice,192,58.7332
diana,21,92.7285
diana,367,99.2802
diana,651,89.9936
bob,18,98.7457
alice,325,59.3718
diana,323,94.3396
alice,346,56.0489
bob,685,87.8873
charlie,341,63.1523
charlie,692,61.2688
alice,949,55.2778
bob,224,97.81
charlie,938,60.6595
bob,542,87.5128
alice,557,56.6628
diana,669,83.9691
bob,81,91.2239
diana,898,95.5438
charlie,522,57.8473
alice,359,59.7325
diana,908,84.038
alice,50,60.9969
charlie,832,56.5119
alice,35,58.5938
alice,369,55.9301
charlie,708,59.849
alice,722,59.0404
alice,413,65.0487
diana,433,96.6559
diana,159,100
alice,363,59.3885
alice,149,52.6579
bob,15,94.3291
diana,93,80.2139
alice,582,54.3738
bob,470,93.9316
alice,130,59.0858
alice,946,57.3404
diana,220,85.3966
charlie,502,59.7268
alice,765,58.9763
diana,652,90.3582
bob,595,88.5214
diana,513,97.451
bob,175,97.4026
charlie,706,60.3492
charlie,877,57.7316
bob,297,98.1161
bob,125,96.5211
charlie,101,57.0651
alice,446,69.6291
charlie,419,53.2455
bob,602,84.7458
bob,878,101.23
alice,390,59.7759
diana,410,103.293
charlie,107,56.6987
diana,861,104.283
charlie,230,65.4723
alice,624,59.1403
bob,366,89.6519
charlie,103,58.3899
charlie,828,55.4186
alice,251,58.0425
diana,196,99.0789
diana,738,103.537
alice,140,53.7779
diana,379,101.569
alice,545,54.1831
charlie,148,58.9085
alice,815,66.218
charlie,181,57.4248
charlie,827,55.2335
charlie,269,56.6038
diana,230,85.3837
alice,56,60.5066
charlie,64,56.5658
bob,563,87.7769
bob,764,90.4605
charlie,168,57.4713
diana,18,91.5574
bob,874,99.0411
alice,37,58.3667
diana,276,97.3302
diana,205,91.3595
diana,923,91.4634
alice,884,58.0953
charlie,179,57.2879
diana,638,100.874
charlie,50,59.6524
alice,930,57.094
charlie,646,59.9799
charlie,125,56.653
charlie,189,68.0319
bob,696,88.6277
diana,324,94.2072
charlie,11,56.5014
alice,380,62.2953
diana,171,103.423
alice,119,57.5214
alice,255,57.0005
bob,709,86.9939
alice,288,55.6147
alice,745,59.0008
charlie,531,57.1637
charlie,709,58.8566
diana,289,99.0417
diana,739,103.448
bob,54,95.7692
bob,267,97.3915
bob,710,86.8361
alice,934,54.1429
alice,519,56.6286
diana,765,99.3377
alice,747,58.4094
charlie,331,58.4066
bob,772,89.4103
charlie,98,56.7379
bob,777,89.5873
alice,854,56.2438
diana,671,87.01
alice,244,56.7978
alice,733,58.8235
charlie,799,60.4432
diana,178,103.448
charlie,560,53.7291
diana,461,99.3579
alice,828,66.447
diana,302,98.8651
bob,738,89.2857
charlie,687,60.6202
diana,279,98.5695
charlie,859,56.309
bob,588,86.7642
diana,335,93.904
alice,481,57.9854
charlie,280,59.8751
alice,500,57.1072
diana,759,100.826
bob,303,101.351
diana,407,104.167
diana,508,101.476
alice,410,60.4655
charlie,505,56.1934
bob,383,87.3753
charlie,635,73.3045
bob,476,95.7212
alice,277,57.8068
charlie,948,56.3426
charlie,725,61.0671
alice,125,58.5736
diana,618,99.7113
alice,705,58.6369
charlie,176,57.3353
bob,592,85.1986
bob,324,96.5917
diana,885,99.5187
diana,198,98.1459
charlie,431,54.218
charlie,23,57.9757
bob,580,86.6045
diana,421,102.573
diana,831,101.104
charlie,318,58.0107
charlie,299,60.4098
diana,703,101.49
bob,190,98.3932
alice,10,61.5625
bob,708,88.4504
charlie,412,54.8721
diana,322,94.6995
bob,929,102.09
diana,434,94.9417
charlie,77,56.2339
alice,808,60.8584
alice,274,59.661
bob,204,98.0753
charlie,25,56.8477
charlie,855,57.3616
charlie,254,55.3506
bob,548,91.3039
diana,374,101.074
charlie,37,60.5884
charlie,919,63.2911
alice,534,61.1254
alice,201,57.9151
diana,33,98.8201
charlie,511,59.1616
bob,364,90.3604
charlie,229,65.6045
alice,779,59.6659
diana,451,94.9367
alice,668,58.7308
bob,597,88.2833
charlie,489,58.7852
alice,496,56.3285
bob,780,88.8487
bob,634,89.6429
diana,675,87.2093
alice,924,57.7084
charlie,196,59.7183
charlie,289,55.8275
bob,128,92.077
bob,846,87.5088
diana,284,100
alice,219,55.6961
diana,912,84.9268
alice,463,56.7533
diana,639,100.874
diana,691,96.5583
diana,681,90.2907
bob,168,92.4405
alice,165,58.136
charlie,845,58.0405
charlie,866,55.3506
bob,206,99.5744
bob,89,95.8295
charlie,36,61.2107
diana,184,103.802
alice,131,60.0461
diana,469,100.188
diana,315,99.0293
bob,693,87.3176
bob,872,97.6589
diana,863,103.908
charlie,577,54.7445
bob,311,93.3238
bob,755,88.6885
diana,488,101.074
diana,179,103.448
charlie,675,54.6697
charlie,459,64.9351
alice,212,60.6485
alice,567,52.9477
diana,581,99.6344
charlie,325,55.9701
diana,790,88.5318
diana,144,94.7596
alice,886,57.0342
alice,530,57.7572
bob,30,96.2042
charlie,610,59.0888
bob,841,88.9286
diana,714,101.623
bob,32,94.9367
alice,278,58.1631
charlie,424,54.3478
bob,223,98.0392
alice,111,57.5578
bob,458,91.5465
charlie,253,56.0726
diana,336,94.7699
charlie,812,56.4989
diana,783,90.4143
charlie,349,61.4754
bob,489,79.5961
alice,486,55.5173
diana,734,104.601
bob,21,98.3075
alice,489,57.6515
diana,882,101.256
bob,771,91.1411
alice,702,58.3523
diana,285,99.9421
bob,748,90.5215
bob,822,92.8138
alice,872,61.2075
diana,610,102.114
charlie,509,57.4263
diana,77,88.0565
diana,181,103.977
charlie,947,56.3403
diana,568,94.9367
diana,828,100.465
alice,351,55.2435
charlie,933,60.9697
diana,283,100.105
alice,370,54.5455
diana,466,100
diana,836,101.688
bob,466,92.5131
diana,853,104.053
charlie,757,61.6081
alice,913,54.6908
diana,909,84.2697
charlie,765,60.8885
charlie,110,56.1798
diana,106,85.5231
bob,390,89.5466
bob,750,89.6473
charlie,54,56.8562
charlie,383,58.0085
charlie,244,59.7211
alice,918,54.9451
charlie,274,57.6057
diana,390,103.448
alice,824,75.4733
charlie,147,59.8949
alice,352,55.6737
diana,520,91.2979
bob,185,97.6318
bob,794,88.9286
alice,552,56.2513
charlie,71,56.4042
bob,842,89.2279
bob,728,89.0496
alice,572,54.4073
charlie,769,60.8885
bob,323,95.9876
diana,580,99.045
bob,301,101.098
diana,841,103.034
alice,148,53.1278
charlie,867,55.3375
charlie,370,60.7949
bob,655,91.2892
alice,454,61.0027
diana,786,89.9107
diana,499,101.746
charlie,338,63.1523
bob,356,93.9147
alice,354,58.3389
diana,724,102.893
alice,401,65.6696
alice,480,56.7784
diana,824,99.3377
alice,55,59.3316
charlie,826,54.5366
alice,349,55.8544
diana,905,84.9518
alice,45,60.7129
charlie,127,57.2581
alice,240,54.4091
charlie,693,61.0926
bob,341,95.1926
bob,540,85.6838
bob,637,90.3614
alice,731,61.1113
charlie,753,59.2082
charlie,893,60.8316
bob,260,98.1599
charlie,472,64.8143
bob,65,88.7762
diana,160,100
diana,152,98.6842
bob,852,87.5479
bob,507,86.5774
diana,331,90.3422
bob,158,92.4772
diana,46,101.133
charlie,109,56.1798
diana,333,91.1685
bob,371,89.2857
diana,570,95.4771
diana,932,86.2069
bob,587,87.0238
bob,796,89.2857
diana,646,90.0974
bob,309,94.875
bob,374,87.9053
charlie,733,65.7138
diana,747,102.74
diana,914,85.2273
charlie,452,58.5705
diana,412,103.448
bob,344,95.1926
diana,304,99.058
charlie,89,57.0455
bob,905,91.0979
diana,383,104.167
charlie,554,59.3806
charlie,463,56.8764
diana,186,103.862
bob,705,89.8204
bob,821,94.3336
diana,351,101.782
bob,881,102.162
charlie,283,59.9862
bob,22,98.8313
diana,906,84.8726
alice,838,58.7667
charlie,366,64.436
charlie,7,58.9342
diana,685,94.6477
bob,354,98.6411
diana,57,102.228
alice,741,60.6722
alice,482,57.7764
charlie,683,55.4755
charlie,437,54.0063
diana,582,99.7351
charlie,174,57.2519
charlie,26,57.0645
alice,805,59.7694
charlie,76,56.391
alice,460,59.5347
bob,50,94.6012
bob,440,92.6341
charlie,141,58.4259
diana,571,96.4853
alice,96,59.36
charlie,443,56.2222
diana,773,94.0097
charlie,711,57.0812
alice,139,57.0875
bob,805,93.7162
diana,629,100.671
charlie,811,55.7705
diana,63,101.581
bob,465,92.229
charlie,576,54.6569
bob,373,86.6695
bob,381,82.9967
alice,796,61.25
diana,61,102.041
diana,706,100.413
charlie,47,58.2738
alice,189,57.4934
bob,910,87.7193
charlie,928,58.363
alice,703,58.9964
bob,105,92.1588
bob,807,93.3098
alice,425,59.8738
alice,560,54.0724
diana,382,99.6296
bob,493,83.0931
charlie,899,62.674
alice,922,55.9616
diana,489,100.946
bob,219,96.5806
bob,782,89.414
diana,944,90.3614
diana,139,91.5578
bob,48,93.8603
alice,483,55.9521
alice,474,57.279
alice,360,60.2143
bob,439,91.1344
charlie,745,57.1953
diana,550,93.985
charlie,732,65.2773
bob,810,91.4044
charlie,415,53.7634
bob,661,89.6172
charlie,227,61.5903
charlie,649,58.8151
bob,939,99.2
diana,477,100.53
charlie,389,60.4043
bob,82,92.4055
bob,404,93.5647
bob,806,93.1677
charlie,241,60.5176
diana,69,97.8279
bob,138,85.3911
charlie,604,57.6455
charlie,264,55.9701
bob,845,88.197
diana,411,103.134
charlie,512,59.2783
charlie,137,57.2181
diana,89,82.1936
charlie,369,61.4194
bob,851,88.7278
charlie,470,67.3714
bob,624,83.9511
diana,596,101.897
bob,191,97.9665
bob,36,95.2439
charlie,796,56.986
bob,784,89.2123
diana,135,92.6347
alice,107,60.036
charlie,178,57.3976
charlie,66,55.9701
alice,590,53.9284
bob,760,89.1613
diana,350,102.761
charlie,88,57.9332
charlie,382,58.6899
diana,11,91.8744
bob,151,95.0292
bob,865,87.5701
charlie,453,60.3042
alice,267,56.2345
alice,680,57.0453
charlie,309,57.777
bob,487,84.614
bob,797,89.961
diana,6,90.3571
bob,315,92.963
charlie,91,57.8964
bob,617,82.4781
diana,597,101.633
charlie,468,69.2712
diana,49,100.954
alice,477,56.0893
bob,68,91.2284
diana,839,103.318
charlie,932,61.597
charlie,214,58.5037
alice,28,57.462
alice,80,61.1067
bob,1,84.2697
alice,232,57.4679
alice,800,59.972
diana,552,92.704
charlie,481,56.8288
bob,35,95.5414
alice,583,55.1849
alice,116,56.0478
bob,668,92.0912
diana,357,101.732
alice,98,59.8438
diana,65,101.174
bob,832,88.5462
diana,85,83.1042
bob,631,89.9091
bob,684,88.8971
alice,621,60.5407
diana,172,103.233
alice,336,59.0068
diana,605,102.74
alice,263,53.5714
bob,396,95.0212
alice,11,60.6983
diana,643,91.706
diana,833,100.788
diana,695,98.3617
charlie,144,58.7911
alice,594,53.6293
diana,290,98.3924
alice,531,58.1312
diana,641,94.7721
bob,767,90.5455
alice,706,57.3824
alice,511,56.6148
diana,769,98.0392
diana,658,92.0245
diana,338,96.5805
diana,364,101.074
charlie,640,73.3045
diana,80,84.4828
charlie,889,62.3528
diana,805,90.0476
diana,173,103.034
charlie,373,59.1082
bob,398,93.6224
bob,176,97.6343
diana,793,87.0751
charlie,912,65.4467
charlie,273,57.7536
diana,125,92.0245
alice,155,54.0879
alice,688,56.8729
alice,343,56.8182
alice,121,56.752
charlie,321,57.2956
diana,261,99.0331
alice,398,64.0985
diana,872,102.835
charlie,268,56.3986
bob,95,91.9648
diana,306,99.0789
alice,3,60.3391
diana,493,101.633
alice,864,57.0916
charlie,719,61.8346
alice,769,60.1224
charlie,611,57.7039
charlie,887,60
charlie,143,58.3658
diana,547,93.2747
alice,687,56.6353
bob,136,85.7889
bob,177,98.1152
bob,409,93.9316
charlie,930,62.5468
alice,179,60.3708
alice,698,60.19
charlie,835,58.0261
charlie,327,56.3893
bob,230,99.571
bob,156,94.4172
charlie,507,55.7811
alice,271,58.0585
bob,133,89.0592
charlie,238,57.6923
diana,894,94.4742
alice,396,65.9924
alice,905,55.3394
charlie,532,56.9927
charlie,528,56.0503
charlie,772,57.3487
alice,32,59.7941
diana,286,99.2842
bob,880,101.282
charlie,490,59.5247
diana,229,85.2468
alice,334,59.4258
alice,861,59.3613
diana,202,93.8084
charlie,871,54.7542
diana,20,92.2745
diana,731,103.569
alice,182,58.5938
charlie,213,58.9435
alice,807,60.8584
charlie,157,56.4427
bob,781,89.2857
diana,484,101.308
alice,613,53.2857
diana,787,88.6845
alice,717,60.1728
diana,91,81.7388
alice,597,57.343
diana,303,99.3377
charlie,410,56.1303
charlie,671,55.3899
diana,809,91.153
charlie,150,56.0365
charlie,315,58.0268
diana,500,101.633
bob,51,95.8476
alice,799,60.3335
charlie,385,57.0559
diana,740,103.163
diana,3,91.8788
bob,319,94.6184
charlie,631,73.3045
alice,397,63.8354
charlie,185,59.1251
diana,24,95.2184
alice,462,57.5799
alice,337,57.8981
alice,631,61.0874
charlie,302,57.4478
charlie,96,57.479
alice,527,57.3866
diana,219,84.8552
bob,601,85.1549
diana,373,100.524
diana,662,88.9619
bob,109,95.2415
diana,59,102.67
bob,427,90.166
diana,86,82.674
alice,70,62.7021
diana,99,81.0811
charlie,138,57.7631
bob,107,94.899
diana,217,84.2697
alice,867,55.6414
charlie,271,58.5062
diana,625,100.671
bob,505,88.5526
charlie,224,59.6198
alice,328,58.953
charlie,55,56.9642
bob,649,89.5664
diana,602,102.552
alice,259,57.6816
charlie,70,56.8636
diana,743,101.726
alice,585,54.8205
bob,598,88.5444
diana,721,103.833
alice,66,59.8853
diana,890,96.7643
diana,929,91.3636
alice,109,58.8859
alice,524,54.7709
charlie,34,58.7233
alice,234,55.2931
bob,253,103.428
bob,925,101.791
charlie,132,56.903
bob,386,85.9744
diana,191,101.329
bob,192,95.0147
alice,787,58.6459
charlie,464,56.4064
alice,540,57.6041
bob,131,91.3312
bob,893,99.04
diana,30,97.7903
alice,339,57.7668
charlie,155,55.902
bob,916,83.0021
alice,881,53.9123
alice,689,58.5843
diana,667,87.531
charlie,482,57.0073
bob,251,104.256
diana,417,102.08
bob,91,93.4731
diana,203,92.2608
alice,652,59.7929
bob,417,90.5367
bob,53,95.9236
diana,404,104.543
alice,422,58.8565
alice,14,69.0724
bob,521,86.8316
alice,162,56.3062
bob,75,91.6364
bob,757,89.1963
diana,750,102.429
alice,700,57.6923
charlie,939,60.1717
bob,646,87.0264
charlie,395,59.8101
diana,158,100
bob,568,88.0322
diana,910,84.3097
charlie,510,58.9687
alice,748,60.0382
diana,185,103.756
diana,617,99.6
bob,276,91.8813
diana,503,101.633
bob,157,93.071
diana,584,99.9271
diana,604,102.516
alice,783,63.5802
diana,422,102.74
bob,864,87.6077
diana,109,85.1719
alice,708,56.8616
diana,900,95.9015
charlie,38,59.4899
bob,467,92.5926
charlie,637,73.3045
diana,677,87.2093
charlie,686,58.4193
charlie,881,57.7316
bob,353,98.797
diana,560,91.9286
bob,745,88.4901
bob,839,89.5038
alice,910,56.7498
alice,194,57.3177
diana,521,91.8811
bob,79,93.3199
bob,362,89.9113
charlie,405,54.7596
charlie,63,57.5353
bob,589,85.5504
charlie,660,56.1453
alice,678,58.702
charlie,689,60.6202
charlie,784,57.8507
bob,239,96.4715
bob,484,84.3797
alice,663,58.1092
alice,859,56.823
diana,528,92.9348
bob,394,92.9149
bob,379,87.0231
diana,111,85.3747
bob,591,83.8277
charlie,397,57.845
alice,647,60.2866
diana,238,87.4806
bob,172,94.2788
charlie,272,58.2043
bob,218,96.5062
charlie,874,57.7316
diana,678,87.9091
alice,323,63.0432
diana,757,101.066
diana,262,99.5263
diana,480,100.949
bob,367,87.2386
alice,754,60.0179
charlie,449,56.391
diana,660,91.2177
alice,880,53.2401
bob,873,98.8192
charlie,342,63.1523
alice,553,56.0408
bob,285,93.5217
diana,661,88.7639
charlie,678,55.5556
diana,128,89.2857
alice,21,62.906
bob,903,93.6464
charlie,619,60.2772
charlie,85,56.3825
charlie,387,57.4056
alice,809,60.8584
bob,124,96.4814
alice,598,57.9151
bob,762,87.9644
bob,340,95.1926
charlie,440,55.2353
alice,174,56.916
alice,526,56.391
bob,635,89.5433
alice,737,62.1013
bob,809,92.0341
bob,215,98.9231
bob,561,86.2069
charlie,252,56.8064
alice,172,56.768
alice,729,58.9078
bob,486,83.8636
charlie,44,58.6766
bob,647,86.5921
alice,27,58.2358
charlie,694,61.5924
alice,296,59.0148
diana,136,93.1677
bob,774,88.7344
diana,720,103.836
bob,558,89.0131
bob,924,99.749
charlie,18,58.8014
bob,351,96.6484
bob,352,97.8146
charlie,345,76.9231
diana,208,88.3902
bob,711,87.8331
diana,893,95.465
diana,353,101.757
bob,266,97.3151
bob,229,98.543
bob,620,84.4787
charlie,695,60.9572
bob,47,95.4064
charlie,759,62.4086
alice,581,54.5748
charlie,456,67.8781
bob,621,83.9374
charlie,739,58.3625
diana,799,85.7083
alice,707,57.0784
charlie,787,59.2577
bob,862,89.3284
bob,736,88.7701
bob,415,91.5635
charlie,219,57.3681
alice,371,55.2008
alice,710,59.3019
charlie,663,54.9768
alice,740,60.3457
charlie,831,56.1838
charlie,142,58.3658
alice,795,59.4118
bob,243,96.1652
alice,195,57.4274
alice,811,60.8584
diana,430,99.6778
diana,273,97.6698
bob,378,90.3864
alice,609,54.9137
charlie,762,56.21
charlie,297,60.446
bob,556,89.0664
diana,931,88.7931
alice,63,61.398
charlie,743,55.2323
charlie,14,56.2174
alice,841,59.3327
charlie,603,56.8311
diana,22,94.4017
charlie,340,63.1523
alice,433,69.5204
alice,877,60.631
alice,378,58.3827
diana,463,99.8421
alice,928,56.8182
bob,945,100
charlie,880,57.7316
charlie,700,58.1712
charlie,74,56.2753
bob,749,90.1234
charlie,100,56.5249
alice,367,58.1448
bob,530,90
diana,497,101.498
charlie,935,59.5478
bob,52,95.7692
bob,291,96.1598
bob,376,89.7532
bob,150,82.645
alice,198,59.9747
charlie,916,63.5357
bob,875,99.577
diana,744,101.887
charlie,895,66.0209
bob,463,90.7428
charlie,601,60.845
charlie,653,58.5173
bob,584,88.49
charlie,428,53.9243
bob,257,100.826
alice,478,56.0364
diana,141,92.3565
alice,649,60.7278
bob,110,95.5414
charlie,844,59.6565
alice,248,56.1798
bob,867,90.7637
charlie,467,66.6358
bob,690,88.2176
alice,231,58.9056
charlie,188,66.2369
bob,825,91.7805
alice,568,53.2297
alice,948,55.3609
alice,752,58.7724
diana,506,101.365
charlie,300,59.7977
alice,817,65.4113
alice,137,58.0981
bob,226,96.8581
charlie,852,56.8469
charlie,713,57.8775
charlie,863,55.1943
charlie,861,55.8493
charlie,246,57.0901
charlie,767,60.8885
diana,664,87.6901
diana,702,100.935
bob,308,95.8476
diana,43,99.7168
alice,420,61.3481
bob,733,85.9961
diana,784,90.4294
charlie,165,56.7148
alice,106,57.9006
bob,370,88.2143
diana,211,87.4915
charlie,306,56.6081
bob,682,90.3038
diana,96,80.4571
alice,874,60.631
alice,891,58.4606
bob,403,91.2112
diana,555,93.1265
diana,505,101.71
bob,100,95.2511
bob,482,80.6419
alice,187,57.9193
diana,235,86.9463
alice,126,59.7802
diana,645,90.5322
alice,6,58.6644
diana,257,98.3153
charlie,265,55.9878
diana,270,98.9665
bob,876,100.37
charlie,211,59.7906
diana,796,87.8321
charlie,435,54.5455
diana,132,93.6437
charlie,589,56.4333
diana,218,84.4506
charlie,802,63.8227
diana,462,99.2
bob,766,90.7623
alice,175,55.9701
diana,337,95.2657
charlie,133,56.2573
charlie,398,56.6364
alice,508,56.2356
alice,940,53.4692
charlie,513,58.0965
bob,823,91.1825
charlie,432,54.5145
alice,411,61.8744
charlie,500,59.8416
charlie,888,60.9721
bob,683,89.6129
diana,126,91.4768
diana,544,91.2928
bob,847,87.4847
bob,287,99.4921
alice,9,60.776
charlie,602,59.017
alice,409,59.9816
bob,888,101.292
alice,272,59.0418
alice,97,59.1294
diana,228,85.4903
charlie,376,60.0156
charlie,573,53.5671
diana,636,97.9788
alice,778,58.7423
diana,779,90.9091
alice,256,56.5701
bob,544,90.1118
bob,83,93.8716
diana,648,89.0012
bob,275,93.4816
bob,80,91.8799
bob,615,83.7017
bob,116,97.0769
bob,237,96.6055
charlie,375,59.3006
bob,569,89.3186
bob,429,88.0848
alice,772,58.4205
charlie,329,56.9905
charlie,15,56.7069
diana,48,101.372
diana,450,94.9367
charlie,2,59.2885
bob,143,82.645
diana,473,100
charlie,215,58.0495
alice,64,60.8681
alice,736,61.3385
diana,358,101.387
charlie,698,58.522
bob,425,92.9032
diana,916,87.2887
diana,392,103.23
alice,324,60.8724
alice,268,56.1026
bob,940,99.4211
diana,832,100.764
diana,327,94.2072
bob,718,91.9061
diana,881,100.946
diana,511,99.3421
diana,859,104.458
diana,523,92.6499
diana,168,101.823
charlie,140,58.5399
alice,781,61.0484
alice,214,66.6344
bob,456,89.2376
charlie,310,57.8883
bob,645,87.788
diana,806,90.6003
alice,844,57.9634
bob,688,89.6856
bob,405,94.4258
bob,618,83.5605
alice,911,55.9016
bob,758,90.1036
diana,897,94.2113
charlie,413,53.9545
bob,106,93.6376
charlie,808,54.9483
charlie,404,54.5281
diana,539,93.8099
bob,509,86.9048
diana,722,103.202
diana,620,100
alice,603,60.5147
alice,574,53.3043
alice,2,60.4606
diana,62,102.041
alice,756,60.4839
charlie,613,60.7441
charlie,303,57.1212
charlie,293,59.5588
charlie,391,62.8518
diana,529,92.9446
charlie,367,63.8881
bob,161,92.0245
charlie,736,60.5545
charlie,555,60.3355
bob,57,94.6703
alice,711,59.6803
bob,811,92.6381
alice,550,55.7626
alice,862,59.0112
alice,91,57.2415
bob,941,100.309
bob,9,89.1475
alice,300,59.1701
bob,820,95.2923
diana,157,99.6689
alice,916,55.7327
diana,684,93.603
charlie,591,58.427
charlie,540,54.9921
bob,231,100.383
bob,703,89.5404
diana,388,104.826
alice,405,61.0796
charlie,477,56.4329
bob,640,88.7806
bob,654,91.4634
charlie,674,54.5701
charlie,167,57.4713
bob,407,94.4881
charlie,664,55.2821
diana,247,96.464
alice,498,55.1296
alice,909,57.1176
diana,194,100.711
alice,723,60.0216
charlie,668,55.4301
charlie,805,56.9946
charlie,800,63.6477
charlie,447,56.6972
bob,648,87.6148
bob,744,88.7615
charlie,123,56.2374
diana,940,89.3578
diana,868,103.794
diana,329,94.2072
charlie,623,59.1405
bob,892,98.294
charlie,206,60.8818
bob,716,89.8992
diana,44,99.4225
diana,623,100.671
bob,937,99.6859
bob,571,88.2725
charlie,537,56.2426
bob,193,92
diana,518,93.2661
bob,369,85.9714
charlie,617,57.1478
charlie,439,54.9138
diana,175,103.034
diana,143,93.9649
bob,58,93.0993
alice,241,53.6326
bob,746,89.0828
diana,608,101.683
bob,763,89.2791
diana,887,98.0573
alice,101,60.6761
alice,673,57.3091
alice,593,53.1915
diana,402,104.167
diana,376,101.351
alice,732,59.5314
alice,587,53.2601
bob,907,90.8709
alice,57,61.8541
diana,300,99.4131
alice,254,57.6154
charlie,829,55.5211
alice,672,58.3195
alice,315,59.7759
diana,494,101.955
diana,577,98.9964
alice,108,59.5946
diana,697,99.571
charlie,313,57.0399
bob,44,97.9837
bob,889,100.616
bob,904,92.5926
bob,10,89.8204
charlie,945,59.7516
charlie,717,60.6261
diana,627,101.074
bob,673,97.4067
diana,490,101.151
charlie,479,58.1395
charlie,279,58.6429
bob,662,89.4611
alice,450,56.6877
alice,414,64.3489
bob,349,101.647
charlie,498,58.6057
charlie,145,59.9726
diana,394,102.839
charlie,542,53.7634
charlie,727,63.0271
alice,211,60.6485
diana,794,87.3645
diana,380,100.623
diana,807,91.1391
bob,860,89.9615
diana,281,100.295
alice,350,55.4477
bob,60,91.7821
alice,86,58.84
alice,758,58.9793
bob,235,95.0382
charlie,798,56.9655
alice,438,74.3579
diana,457,98.1818
alice,571,55.4947
diana,496,101.224
diana,689,96.2663
bob,915,81.3612
alice,135,57.3717
alice,293,59.761
alice,168,57.8551
charlie,905,59.2875
charlie,65,56.2489
diana,39,98.9404
diana,207,90.0043
charlie,343,63.1523
diana,819,98.2742
diana,51,101.495
charlie,153,55.1575
bob,431,91.9066
diana,676,87.2093
alice,51,63.1322
bob,144,82.645
charlie,789,58.9546
bob,85,94.5594
diana,349,103.142
bob,481,78.5878
bob,271,98.9404
charlie,220,57.8197
bob,112,94.528
alice,653,58.9117
bob,754,88.7831
bob,525,86.6963
diana,416,102.418
diana,875,102.927
bob,62,90.807
bob,11,89.8204
alice,31,58.1395
charlie,69,57.3007
bob,676,96.7709
bob,447,101.351
charlie,776,55.9707
charlie,728,64.0956
bob,575,87.4868
alice,487,57.2537
diana,241,91.3636
alice,644,59.3834
bob,414,92.4055
alice,191,59.2282
alice,128,57.3096
alice,782,62.8577
charlie,118,57.3149
alice,768,60.5626
alice,602,59.5544
alice,252,59.1785
charlie,654,57.1645
charlie,240,58.4995
diana,269,98.6842
diana,413,103.168
charlie,394,59.1013
alice,196,58.3052
bob,432,93.1219
alice,95,59.713
charlie,175,57.2519
bob,284,89.9078
diana,92,80.637
bob,674,98.0392
diana,921,91.0625
charlie,785,58.4163
charlie,10,57.041
charlie,97,57.042
diana,840,103.338
diana,25,95.2685
charlie,190,66.5347
alice,25,56.9915
diana,188,103.034
diana,600,101.957
charlie,210,59.9101
bob,205,98.3978
alice,823,74.1669
charlie,426,53.7938
bob,566,87.1143
diana,687,94.9766
bob,669,92.3608
bob,834,87.0277
charlie,262,56.3188
bob,400,92.7995
bob,768,90.6922
diana,359,101.351
bob,254,102.716
charlie,596,59.3333
bob,292,97.6346
diana,428,102.536
diana,594,101.616
charlie,173,57.2312
charlie,774,54.5381
charlie,627,67.8217
alice,697,60.477
charlie,475,61.9624
bob,457,91.185
bob,926,102.422
charlie,862,55.3329
charlie,301,58.5333
charlie,523,57.6039
diana,183,104.161
alice,303,57.8785
alice,124,56.8755
charlie,801,64.0569
alice,712,59.5618
bob,37,94.9415
alice,286,57.0342
diana,263,100
diana,946,91.0664
charlie,243,60.8224
alice,764,58.9793
charlie,875,57.7316
bob,391,90.5282
alice,543,55.6283
charlie,931,62.1578
charlie,305,56.7153
diana,67,99.5098
charlie,595,63.4306
charlie,261,56.9597
diana,937,88.6554
diana,32,98.6842
diana,884,100.733
diana,519,92.9896
charlie,193,56.4358
alice,306,57.2189
diana,694,98.1818
diana,316,98.7025
alice,499,55.6222
bob,437,88.2217
charlie,361,65.8009
charlie,669,55.5326
bob,252,104.368
diana,265,99.2432
alice,719,59.0864
alice,566,52.9418
charlie,680,54.7867
charlie,913,64.6957
charlie,526,56.3427
charlie,139,58.3244
charlie,672,55.1702
bob,56,95.8501
charlie,527,56.5744
bob,712,88.5088
diana,79,85.819
diana,764,99.3377
alice,309,57.2249
charlie,266,56.0926
diana,110,84.9153
alice,34,59.9769
alice,770,59.0549
diana,423,102.74
bob,189,97.5981
alice,49,59.2274
charlie,714,59.7393
bob,312,93.1677
bob,742,89.8204
charlie,742,54.0153
bob,516,88.609
diana,852,104.498
diana,145,95.6767
bob,562,86.8845
diana,633,102.905
bob,697,88.5527
diana,829,101.044
alice,505,53.5714
alice,933,53.9568
charlie,720,63.2737
charlie,655,56.8865
alice,330,57.7195
charlie,925,57.6888
diana,31,98.6842
diana,360,101.351
bob,86,94.9453
alice,648,60.4081
charlie,715,60.8851
alice,637,58.6684
bob,160,92.308
charlie,403,54.3312
alice,39,60.6531
bob,866,88.7655
charlie,393,60.0923
bob,756,88.4274
bob,570,89.2497
charlie,73,55.9608
diana,725,103.345
charlie,508,55.9701
alice,112,58.2759
alice,8,59.6737
charlie,794,60.7471
alice,821,67.6483
bob,227,96.3871
bob,165,90.0281
alice,388,59.7759
bob,197,92.9359
alice,399,64.7563
bob,574,86.1094
diana,14,91.6464
bob,167,91.7077
alice,163,56.5466
charlie,588,57.5263
alice,611,53.949
diana,425,102.74
charlie,420,53.6487
charlie,183,57.9685
diana,925,91.8293
alice,607,54.2961
diana,709,101.3
bob,211,100.957
alice,382,61.9784
alice,283,54.4542
charlie,645,59.8604
diana,856,104.797
diana,540,93.0468
bob,651,90.2084
bob,329,95.2212
bob,901,94.4949
charlie,817,56.3378
alice,262,54.1099
charlie,501,60.0816
charlie,763,57.7778
diana,713,100.973
bob,795,89.1589
bob,488,82.012
alice,225,58.5177
charlie,598,57.1234
bob,477,95.7212
bob,273,98.7248
diana,873,103.105
diana,756,101.351
diana,527,93.508
alice,364,58.2216
alice,426,59.7842
diana,522,93.2204
diana,53,102.041
bob,701,92.0245
charlie,184,58.433
charlie,768,60.8885
charlie,927,56.9412
charlie,35,61.1785
diana,877,101.844
bob,419,91.35
charlie,12,55.9733
bob,515,88.8935
bob,510,87.9264
charlie,275,57.4951
diana,918,88.6529
bob,0,84.2697
bob,638,90.1861
alice,294,59.761
bob,917,85.316
alice,774,58.3658
alice,335,60.4136
bob,732,86.3245
diana,75,91.1667
charlie,701,57.9928
charlie,78,55.8162
diana,592,101.351
charlie,936,59.8082
charlie,883,73.243
bob,382,85.7531
charlie,362,64.8101
alice,721,58.4659
bob,557,89.2773
diana,441,92.5926
charlie,451,57.3543
diana,746,102.74
alice,305,59.129
bob,248,99.1664
charlie,504,57.0416
alice,618,57.8387
diana,672,85.5312
charlie,221,58.6116
bob,445,97.4116
alice,633,62.0452
diana,362,100.957
alice,601,58.7997
alice,221,55.0272
bob,551,90.6966
diana,133,93.229
charlie,438,54.3187
bob,214,99.7351
alice,372,55.9132
charlie,846,57.0728
bob,274,96.3218
charlie,837,61.6327
alice,942,53.0871
diana,199,97.6987
bob,471,95.473
alice,605,57.5831
alice,227,58.0373
charlie,642,56.783
charlie,75,56.391
charlie,457,66.5576
diana,419,102.084
alice,275,58.6103
charlie,566,53.0035
bob,195,91.2594
bob,61,91.7911
diana,613,100.357
charlie,216,57.6367
diana,788,88.4024
diana,705,100.657
bob,844,89.494
bob,606,84.4924
charlie,712,57.1901
alice,180,59.6069
charlie,809,55.0493
alice,773,58.3658
alice,724,61.369
bob,641,87.9897
diana,66,101.166
diana,710,101.351
alice,546,54.38
diana,616,99.8887
alice,264,55.2613
alice,391,59.7759
diana,361,101.297
alice,467,58.118
diana,233,86.9463
diana,237,85.6331
diana,708,100.96
alice,915,55.2134
alice,458,57.7257
bob,213,99.6107
diana,123,90.721
charlie,151,55.4192
alice,679,57.6837
charlie,171,56.391
charlie,920,63.8826
charlie,94,59.3446
bob,553,88.7994
charlie,676,54.7672
diana,55,102.041
bob,262,95.5209
diana,216,84.2697
charlie,42,58.0224
alice,122,56.2391
charlie,891,62.2948
charlie,217,57.1963
diana,855,104.478
diana,637,102.074
bob,853,87.7595
diana,866,104.505
charlie,548,54.3478
bob,450,97.8726
charlie,582,58.448
bob,164,90.1796
diana,342,100.677
bob,610,84.9048
bob,171,93.75
diana,294,97.8947
charlie,442,55.6981
diana,631,100.671
